{
  "main": {
    "id": "03e7068bb7411735",
    "type": "split",
    "children": [
      {
        "id": "0df43154bb9be5df",
        "type": "tabs",
        "children": [
          {
            "id": "f08f748b1f2e8fda",
            "type": "leaf",
            "state": {
              "type": "markdown",
              "state": {
                "file": "A_Personal_Home/Diary/2024 Yearly Note.md",
                "mode": "source",
                "source": false
              }
            }
          },
          {
            "id": "7356f70034f37cf3",
            "type": "leaf",
            "state": {
              "type": "markdown",
              "state": {
                "file": "E_Resources/English/SP505_SPEAK/Topics - 음식.md",
                "mode": "source",
                "source": false
              }
            }
          },
          {
            "id": "b0f3c5d11e4b8930",
            "type": "leaf",
            "state": {
              "type": "markdown",
              "state": {
                "file": "E_Resources/English/RE101_She Dining/2409-4W. Who Ate Up All the Shinga.md",
                "mode": "source",
                "source": false
              }
            }
          },
          {
            "id": "1b2b455aa88df28b",
            "type": "leaf",
            "state": {
              "type": "markdown",
              "state": {
                "file": "B_Inbox/데이터 패브릭 (Data Fabric).md",
                "mode": "source",
                "source": false
              }
            }
          },
          {
            "id": "ac8a317be5d2f922",
            "type": "leaf",
            "state": {
              "type": "markdown",
              "state": {
                "file": "E_Resources/English/RE101_She Dining/Course Overview.md",
                "mode": "source",
                "source": false
              }
            }
          }
        ],
        "currentTab": 2
      }
    ],
    "direction": "vertical"
  },
  "left": {
    "id": "33adf04c8031127a",
    "type": "split",
    "children": [
      {
        "id": "229bb317dd74e4d4",
        "type": "tabs",
        "dimension": 70.8498023715415,
        "children": [
          {
            "id": "b2a548f221c494fa",
            "type": "leaf",
            "state": {
              "type": "file-explorer",
              "state": {
                "sortOrder": "alphabetical"
              }
            }
          },
          {
            "id": "17b0ad925efe0805",
            "type": "leaf",
            "state": {
              "type": "search",
              "state": {
                "query": "",
                "matchingCase": false,
                "explainSearch": false,
                "collapseAll": false,
                "extraContext": false,
                "sortOrder": "alphabetical"
              }
            }
          },
          {
            "id": "5193c6d3b05f0f62",
            "type": "leaf",
            "state": {
              "type": "bookmarks",
              "state": {}
            }
          }
        ]
      },
      {
        "id": "bb8837bfe0cdaff4",
        "type": "tabs",
        "dimension": 29.150197628458496,
        "children": [
          {
            "id": "ad1c271653ce8706",
            "type": "leaf",
            "state": {
              "type": "recent-files",
              "state": {}
            }
          }
        ]
      }
    ],
    "direction": "horizontal",
    "width": 260.5
  },
  "right": {
    "id": "0f8fa6d456bf0bb2",
    "type": "split",
    "children": [
      {
        "id": "b198dce939b58b1a",
        "type": "tabs",
        "dimension": 67.51893939393939,
        "children": [
          {
            "id": "b56bc7a589e933ea",
            "type": "leaf",
            "state": {
              "type": "calendar",
              "state": {}
            }
          },
          {
            "id": "cf2b0a45ac6a10b5",
            "type": "leaf",
            "state": {
              "type": "all-properties",
              "state": {
                "sortOrder": "frequency",
                "showSearch": false,
                "searchQuery": ""
              }
            }
          },
          {
            "id": "50a2a66e2391f734",
            "type": "leaf",
            "state": {
              "type": "advanced-tables-toolbar",
              "state": {}
            }
          }
        ],
        "currentTab": 2
      },
      {
        "id": "3f4483cb018e7689",
        "type": "tabs",
        "dimension": 32.48106060606061,
        "children": [
          {
            "id": "a430e73fe2c537cc",
            "type": "leaf",
            "state": {
              "type": "outline",
              "state": {
                "file": "E_Resources/English/RE101_She Dining/2409-4W. Who Ate Up All the Shinga.md"
              }
            }
          },
          {
            "id": "2813396aecbac9f7",
            "type": "leaf",
            "state": {
              "type": "tag",
              "state": {
                "sortOrder": "frequency",
                "useHierarchy": true
              }
            }
          }
        ]
      }
    ],
    "direction": "horizontal",
    "width": 300,
    "collapsed": true
  },
  "left-ribbon": {
    "hiddenItems": {
      "obsidian-kanban:새 보드 만들기": false,
      "switcher:퀵 스위처 열기": false,
      "canvas:새 캔버스 만들기": false,
      "templates:템플릿 삽입": false,
      "command-palette:명령어 팔레트 열기": false,
      "obsidian-git:Open Git source control": false,
      "obsidian-excalidraw-plugin:Create new drawing": false,
      "table-editor-obsidian:Advanced Tables Toolbar": true,
      "templater-obsidian:Templater": false,
      "obsidian-importer:Open Importer": false,
      "obsidian-full-calendar:Open Full Calendar": false,
      "obsidian-projects:Open projects": false,
      "kr-book-info-plugin:Add Book Info": false,
      "obsidian-book-search-plugin:Create new book note": false
    }
  },
  "active": "b0f3c5d11e4b8930",
  "lastOpenFiles": [
    "Excalidraw/Drawing 2024-10-01 20.54.45.excalidraw.md",
    "E_Resources/English/RE101_She Dining/2409-4W. Who Ate Up All the Shinga.md",
    "A_Personal_Home/Diary/2024 Yearly Note.md",
    "B_Inbox/데이터 패브릭 (Data Fabric).md",
    "E_Resources/English/RE101_She Dining/Course Overview.md",
    "특수문자 & LaTex 수식.md",
    "E_Resources/English/SP505_SPEAK/Topics - 음식.md",
    "E_Resources/English/RE101_She Dining/2409-3W. Who Ate Up All the Shinga.md",
    "Z_Template/She Dining Template.md",
    "Z_Template/Note Template - English.md",
    "E_Resources/English/English Dashboard.md",
    "E_Resources/English/SP505_SPEAK",
    "Excalidraw",
    "G_Book_Reviews/2024/어떤 죽음이 삶에게 말했다 - 김범석.md",
    "Z_Template/Book Template.md",
    "A_Personal_Home/Diary",
    "G_Book_Reviews/2024_Reading Library.md",
    "G_Book_Reviews/2021",
    "G_Book_Reviews/2024",
    "G_Book_Reviews/좋은 사람에게만 좋은 사람이면 돼 - 김재식.md",
    "Z_Template/obsidian_quickAdd_macro_search_books.js",
    "G_Book_Reviews/너는 싱그러운 여름처럼.md",
    "G_Book_Reviews/좋은 사람에게만 좋은 사람이면 돼 (지금은 나를 돌보는 시간 내 마음대로 행복해지기) - 김재식.md",
    "E_Resources/English/RE101_She Dining/2401-1W. Atomic Habits.md",
    "E_Resources/English/RE101_She Dining/2409-1W. Who Ate Up All the Shinga.md",
    "E_Resources/English/RE101_She Dining/2401-2W. Atomic Habits.md",
    "E_Resources/English/RE101_She Dining/2401-8W. Atomic Habits.md",
    "E_Resources/English/RE101_She Dining/2401-7W. Atomic Habits.md",
    "E_Resources/English/RE101_She Dining/2401-6W. Atomic Habits.md",
    "E_Resources/English/RE101_She Dining/2401-5W. Atomic Habits.md",
    "E_Resources/English/RE101_She Dining/2401-4W. Atomic Habits.md",
    "E_Resources/English/RE101_She Dining/2401-3W. Atomic Habits.md",
    "E_Resources/English/RE101_She Dining/무제 파일.canvas",
    "E_Resources/English/RE101_She Dining/무제 폴더",
    "E_Resources/English/RE101_She Dining/무제 폴더",
    "E_Resources/English/RE101_She Dining",
    "E_Resources/English",
    "Plugins/${notename}/IMG-20240927143539.png",
    "Pasted image 20240927141243.png",
    "Pasted image 20240927141132.png",
    "Pasted image 20240927135612.png"
  ]
}